month,October 2018 NPD Games Sales,September 2018 NPD Games Sales,August 2018 NPD Games Sales,July 2018 NPD Games Sales,May 2018 NPD Games Sales,April 2018 NPD Games Sales,March 2018 NPD Games Sales,February 2018 NPD Games Sales,December 2017 NPD Games Sales,October 2017 NPD Games Sales,September 2017 NPD Games Sales,August 2017 NPD Games Sales,July 2017 NPD Games Sales,June 2017 NPD Games Sales,May 2017 NPD Games Sales,April 2017 NPD Games Sales,March 2017 NPD Games Sales,February 2017 NPD Games Sales,January 2017 NPD Games Sales,December 2016 NPD Games Sales,November 2016 NPD Games Sales,October 2016 NPD Games Sales,September 2016 NPD Games Sales,August 2016 NPD Games Sales,July 2016 NPD Games Sales,May 2016 NPD Games Sales,April 2016 NPD Games Sales,March 2016 NPD Games Sales,February 2016 NPD Games Sales,January 2016 NPD Games Sales,December 2015 NPD Games Sales,November 2015 NPD Games Sales,November 2015 NPD Games Sales,October 2015 NPD Games Sales,September 2015 NPD Games Sales,August 2015 NPD Games Sales,July 2015 NPD Games Sales,June 2015 NPD Games Sales,May 2015 NPD Games Sales,April 2015 NPD Games Sales,March 2015 NPD Games Sales,December 2014 NPD Games Sales,November 2014 NPD Games Sales,October 2014 NPD Games Sales,August 2014 NPD Games Sales,July 2014 NPD Games Sales,June 2014 NPD Games Sales,May 2014 NPD Games Sales,April 2014 NPD Games Sales,March 2014 NPD Games Sales,February 2014 NPD Games Sales,December 2013 NPD Games Sales,October 2013 NPD Games Sales,September 2013 NPD Games Sales,August 2013 NPD Games Sales,July 2013 NPD Games Sales,June 2013 NPD Games Sales,May 2013 NPD Games Sales,April 2013 NPD Games Sales,March 2013 NPD Games Sales,February 2013 NPD Games Sales,January 2013 NPD Games Sales,December 2012 NPD Games Sales,November 2012 NPD Games Sales,October 2012 NPD Games Sales,September 2012 NPD Games Sales,August 2012 NPD Games Sales,July 2012 NPD Games Sales,June 2012 NPD Games Sales,May 2012 NPD Games Sales,April 2012 NPD Games Sales,March 2012 NPD Games Sales,February 2012 NPD Games Sales,January 2012 NPD Games Sales,December 2011 NPD Games Sales,November 2011 NPD Games Sales,October 2011 NPD Games Sales,September 2011 NPD Games Sales,August 2011 NPD Games Sales,July 2011 NPD Games Sales,June 2011 NPD Games Sales,May 2011 NPD Games Sales,April 2011 NPD Games Sales,March 2011 NPD Games Sales,February 2011 NPD Games Sales,January 2011 NPD Games Sales,December 2010 NPD Games Sales,October 2010 NPD Games Sales,September 2010 NPD Games Sales,August 2010 NPD Games Sales,July 2010 NPD Games Sales,May 2010 NPD Games Sales,February 2010 NPD Games Sales,January 2010 NPD Games Sales,December 2009 NPD Games Sales,October 2009 NPD Games Sales,September 2009 NPD Games Sales,August 2009 NPD Games Sales,Overall Top 10 Video Game Titles,June 2009 NPD Games Sales,May 2009 NPD Games Sales,April 2009 NPD Games Sales,March 2009 NPD Games Sales,November 2008 NPD Games Sales,October 2008 NPD Games Sales,September 2008 NPD Games Sales,August 2008 NPD Games Sales,July 2008 NPD Games Sales,May 2008 NPD Games Sales,April 2008 NPD Games Sales,February 2008 NPD Games Sales,January 2008 NPD Games Sales,December 2007 NPD Games Sales,September 2007 NPD Games Sales,August 2007 NPD Games Sales,June 2007 NPD Games Sales
,Top 20 Games,Top 20 Games,Top 20 Games,Top 20 Games,Top 20 Games,Top 20 Games,Top 20 Games,Top 20 Games,Top 20 Games,Top 20 Games,Top 20 Games,Top 20 Games,Top 20 Games,Top 20 Games,Top 20 Games,Top 20 Games,Top 20 Games,Top 10 Games,Top 10 Games,Top 10 Games,Top 10 Games,Top 10 Games,Top 10 Games,Top 10 Games,Top 10 Games,Top 10 Games,Top 10 Games,Top 10 Games,Top 10 Games,Top 10 Games,Top 10 Games,Top 10 Games,Top 10 Games,Top 10 Games,Top 10 Games,Top 10 Games,Top 10 Games,Top 10 Games,Top 10 Games,Top 10 Games,Top 10 Games,Top 10 Games,Top 10 Games,Top 10 Games,Top 10 Games,Top 10 Games,Top 10 Games,Top 10 Games,Top 10 Games,Top 10 Games,Top 10 Games,Top 10 Games,Top 10 Games,Top 10 Games,Top 10 Games,Top 10 Games,Top 10 Games,Top 10 Games,Top 10 Games,Top 10 Games,Top 10 Games,Top 10 Games,Top 10 Games,Top 10 Games,Top 10 Games,Top 10 Games,Top 10 Games,Top 10 Games,Top 10 Games,Top 10 Games,Top 10 Games,Top 10 Games,Top 10 Games,Top 10 Games,Top 10 Games,Top 10 Games,Top 10 Games,Top 10 Games,Top 10 Games,Top 10 Games,Top 10 Games,Top 10 Games,Top 10 Games,Top 10 Games,Top 10 Games,Top 10 Games,Top 10 Video Game Titles,Top 10 Video Game Titles,Top 10 Video Game Titles,Top 20 Video Game Titles,Top 20 Video Game Titles,Top 20 Video Game Titles,Top 20 Video Game Titles,Top 20 Video Game Titles,Top 20 Video Game Titles,Top 20 Video Game Titles,Top 20 Video Game Titles,Top 20 Video Game Titles,,Overall Top 20 Video Game Titles,Overall Top 20 Video Game Titles,Overall Top 20 Video Game Titles,Overall Top 20 Video Game Titles,Overall Top 20 Video Game Titles,Overall Top 20 Video Game Titles,Overall Top 20 Video Game Titles,Top 10 SKUs for July 2008,Overall Top 20 Video Game Titles,Overall Top 20 Video Game Titles,Top 20 Video Game Titles,Overall Top 20 Video Game Titles,Overall Top 10 Video Games,Overall Top 20 Video Games,Overall Top 20 Video Games,Overall Top 20 Video Game Titles,Overall Top 20 Video Game Titles
1,Call of Duty: Black Ops 4,Spider-Man,Madden NFL 19^,Octopath Traveler*,State of Decay 2,God of War,Far Cry 5,Monster Hunter: World,Call of Duty: WWII,Middle Earth: Shadow of War,Destiny 2^,Madden NFL 18,Splatoon 2***,Tekken 7,Injustice 2,Mario Kart 8***,Tom Clancy's Ghost Recon: Wildlands,For Honor,Resident Evil 7: Biohazard,Call of Duty: Infinite Warfare,Call of Duty: Infinite Warfare,Battlefield 1,NBA 2K17,Madden NFL 17,Grand Theft Auto V,Uncharted 4: A Thief's End (PS4)**,"Dark Souls III (PS4, XBO)**","Tom Clancy's The Division (PS4, XBO, PC)**","Far Cry: Primal (PS4, XBO)**","Call of Duty: Black Ops III (XBO, PS4, 360, PS3, PC)**","Call of Duty: Black Ops III (XBO, PS4, 360, PS3, PC)**","Call of Duty: Black Ops III (XBO, PS4, 360, PS3, PC)**","Call of Duty: Black Ops III (XBO, PS4, 360, PS3, PC)**",Halo 5: Guardians (XBO)**,"NBA 2K16 (PS4, XBO, 360, PS3)**","Madden NFL 16 (PS4, XBO, 360, PS3)**","LEGO: Jurassic World (360, 3DS, PS3, XBO, NWU, PS4, PSV)","Batman: Arkham Knight (PS4, XBO, PC)**","The Witcher 3: Wild Hunt (PS4, XBO, PC)**","Mortal Kombat X (PS4, XBO)**","Battlefield Hardline (XBO, PS4, 360, PS3, PC)**","Call of Duty: Advanced Warfare (360, XBO, PS4, PS3, PC)**","Call of Duty: Advanced Warfare (360, XBO, PS4, PS3, PC)**","NBA 2K15 (PS4, XBO, 360, PS3, PC)","Madden NFL 15 (PS4, XBO, 360, PS3)**","The Last of Us (PS4, PS3)","Watch Dogs (PS4, XBO, 360, PS3, PC)**","Watch Dogs (PS4, XBO, 360, PS3, PC)**","Titanfall (XBO, PC)**","Titanfall (XBO, PC)**","Call Of Duty: Ghosts (360, PS3, XBO, PS4, NWU, PC)**","Call Of Duty: Ghosts (360, PS3, XBO, PS4, NWU, PC)**","Grand Theft Auto V (360, PS3)**","Grand Theft Auto V (360, PS3)**","Madden NFL 25 (360, PS3)","NCAA Football 14 (360, PS3)",The Last Of Us (PS3)**,"Injustice: Gods Among Us (360, PS3, NWU)**","Injustice: Gods Among Us (360, PS3, NWU)**","Bioshock Infinite (360, PS3, PC)**","Dead Space 3 (360, PS3, PC)","Call of Duty: Black Ops II (360, PS3, Wii U, PC)**","Call of Duty: Black Ops II (360, PS3, Wii U, PC)**","Call of Duty: Black Ops II (360, PS3, PC, Wii U)**","NBA 2K13 (360, PS3, Wii, PSP, PC)**","Madden NFL 13 (360, PS3, Wii, PSV)","Darksiders II (360, PS3, PC)**","NCAA Football 13 (360, PS3)","Lego Batman 2: DC Super Heroes (360, Wii, PS3, NDS, 3DS, PSV, PC)",Diablo III (PC)**,"Prototype 2 (360, PS3)**","Mass Effect 3 (360, PS3, PC)**","Call of Duty: Modern Warfare 3 (360, PS3, Wii, PC)**","Call of Duty: Modern Warfare 3 (360, PS3, Wii, PC)**","Call of Duty: Modern Warfare 3 (360, PS3, Wii, PC)**","Call of Duty: Modern Warfare 3 (360, PS3, Wii, PC)**","Battlefield 3 (360, PS3, PC)**","Madden NFL 12 (360, PS3, Wii, PS2, PSP)**","Deus Ex: Human Revolution (360, PS3, PC)**","NCAA Football 12 (360, PS3)","L.A. Noire (360, PS3)","L.A. Noire (360, PS3)","Mortal Kombat 2011 (PS3, 360)**",Pokemon White Version (NDS),"Call of Duty: Black Ops (360, PS3, Wii, NDS, PC)**","Call of Duty: Black Ops* (360, PS3, WII, NDS, PC)","Call of Duty: Black Ops** (360, PS3, WII, NDS,PC)","NBA 2K11 (360, PS3, PS2, PSP, WII, PC)",Halo: Reach (360),Madden NFL 11 (360),NCAA Football 11 (360),Tom Clancy's Splinter Cell: Conviction* (360),Bioshock 2 (360),New Super Mario Bros. Wii (Wii),Call of Duty: Modern Warfare 2* (360),Uncharted 2: Among Theives (PS3),Halo 3: ODST (360),Madden NFL 10 (360),Wii Sports Resort (Wii),Prototype (360),EA Sports UFC (360),Wii Fit (Wii),Resident Evil 5* (360),Gears of War 2* (360),Fable II* (360),Star Wars: The Force Unleashed (360),NCAA Football 09 (360),Metal Gear Solid 4: Guns of the Patriots (PS3),Grand Theft Auto IV* (Xbox 360),Grand Theft Auto IV* (Xbox 360),Call of Duty 4: Modern Warfare* (360),Call of Duty 4: Modern Warfare (Xbox 360),Call of Duty 4: Modern Warfare* (Xbox 360),Halo 3 (Xbox 360),Madden NFL 08 (Xbox 360),Mario Party 8 (Nintendo Wii)
2,Red Dead Redemption 2,NBA 2K19,Monster Hunter: World,Grand Theft Auto V,God of War,Far Cry 5,Sea Of Thieves,Call of Duty: WWII,Star Wars: Battlefront II ^,Assassin's Creed: Origins,NBA 2K18,Grand Theft Auto V,Crash Bandicoot: N. Sane Trilogy,Injustice 2,Mario Kart 8***,Persona 5***,The Legend of Zelda: Breath of the Wild***,Resident Evil 7: Biohazard,Call of Duty: Infinite Warfare,Final Fantasy XV,Battlefield 1,Mafia III,Madden NFL 17,No Man's Sky***,Overwatch^,"Doom 2016 (PS4, XBO, PC)**",Ratchet & Clank 2016 (PS4),"Far Cry: Primal (PS4, XBO, PC)**","Call of Duty: Black Ops III (XBO, PS4, 360, PS3, PC)**","Grand Theft Auto V (PS4, XBO, 360, PS3, PC)","Star Wars Battlefront (XBO, PS4, PC)**","Fallout 4 (PS4, XBO, PC)**","Fallout 4 (PS4, XBO, PC)**","NBA 2K16 (PS4, XBO, 360, PS3)**","Madden NFL 16 (PS4, XBO, 360, PS3)**","Minecraft (360, PS3, XBO, PS4)","Batman: Arkham Knight (PS4, XBO, PC)**","The Elder Scrolls Online: Tamriel Unlimited (XBO, PS4, PC)**","Mortal Kombat X (PS4, XBO)**","Grand Theft Auto V (PS4, XBO, PC, 360, PS3)**",Bloodborne (PS4)**,"Grand Theft Auto V (XBO, PS4, 360, PS3)**","Grand Theft Auto V (PS4, XBO, 360, PS3)**",Super Smash Bros. (3DS),"Diablo III: Reaper of Souls (PS4, XBO, 360, PS3, PC)**","Minecraft (360, PS3)",Mario Kart 8(NWU),Mario Kart 8(NWU),"Call Of Duty: Ghosts (360, PS4, PS3, XBO, NWU, PC)**",inFAMOUS Second Son (PS4)**,"The LEGO Movie Videogame (360, PS3, 3DS, NWU, XBO, PS4, PSV)","Battlefield 4 (360, XBO, PS4, PS3, PC)",Pokemon X (3DS),"Madden NFL 25 (360, PS3)","Saints Row IV (360, PS3, PC)**",Minecraft (360),Animal Crossing: New Leaf (3DS),"Call of Duty: Black Ops II (360, PS3, PC, NWU)**","Dead Island: Riptide (360, PS3, PC)**","Tomb Raider 2013 (360, PS3)**","Call of Duty: Black Ops II (360, PS3, Wii U, PC)**","Far Cry 3 (360, PS3, PC)","Just Dance 4 (Wii, 360, Wii U, PS3)",Halo 4 (360)**,"Resident Evil 6 (360, PS3)**","Borderlands 2 (360, PS3, PC)**",New Super Mario Bros 2 (3DS),"Lego Batman 2: DC Super Heroes (Wii, 360, NDS, PS3, 3DS, PSV, PC)","Tom Clancy's Ghost Recon: Future Soldier (360, PS3, PC)","Max Payne 3 (360, PS3, PC)**",Kinect Star Wars (360),"Resident Evil: Operation Raccoon City (360, PS3)**","Final Fantasy XIII-2 (PS3, 360)**","Just Dance 3 (Wii, 360, PS3)","Just Dance 3 (Wii, 360, PS3)","The Elder Scrolls V: Skyrim (360, PS3, PC)**","Batman: Arkham City (360, PS3)**",Gearsof War 3 (360)**,"NCAA Football 12 (360, PS3)","Cars 2 (NDS, Wii, 360, PS3, PC)","Duke Nukem Forever (360, PS3, PC)","Brink (360, PS3, PC)","Portal 2 (360, PS3, PC)",Pokemon Black Version (NDS),"Marvel vs. Capcom 3: Fate of Two Worlds (360, PS3)**",Just Dance 2 (WII),Just Dance 2 (WII),"Fallout: New Vegas** (PS3, 360, PC)","Madden NFL 11 (360, PS3, PS2, WII, PSP)",Madden NFL 11 (PS3),NCAA Football 11 (PS3),Pokemon SoulSilver Version (NDS),New Super Mario Bros. Wii (Wii),Wii Fit Plus (Wii),Call of Duty: Modern Warfare 2* (PS3),Wii Fit Plus* (Wii),Wii Sports Resorts (Wii),Wii Sports Resort (Wii),NCAA Football 10 (360),EA Sports UFC (360),Wii Fit (Wii),Pokemon Platinum Version (NDS),Pokemon Platinum Version (NDS),Call of Duty: World at War* (360),Wii Fit (Wii),Wii Fit (Wii),Wii Fit (Wii),Guitar Hero: On Tour (NDS),Mario Kart Wii,Mario Kart Wii (Wii),Devil May Cry 4* (360),Wii Play (Wii),Super Mario Galaxy (Wii),Wii Play (Wii),Madden NFL 08 (Playstation 2),Wii Play (Nintendo Wii)
3,Assassin's Creed: Odyssey,Assassin's Creed: Odyssey,Tom Clancy's Rainbow Six: Siege,Mario Kart 8*,Detroit: Become Human,MLB 18: The Show,MLB 18: The Show,NBA 2K18,Super Mario Odyssey**,Super Mario Odyssey**,Madden NFL 18,Uncharted: The Lost Legacy,Grand Theft Auto V,Grand Theft Auto V,Grand Theft Auto V,The Legend of Zelda: Breath of the Wild***,Mass Effect: Andromeda,Grand Theft Auto V,Grand Theft Auto V,Battlefield 1,Pokemon: Sun***,Gears of War 4***,FIFA 17,Deus Ex: Mankind Divided,Lego Star Wars: The Force Awakens,"Overwatch (PS4, XBO, PC)**","MLB 16: The Show (PS4, PS3)**",The Legend of Zelda: Twilight Princess HD (NWU),"Grand Theft Auto V (PS4, XBO, 360, PS3, PC)","NBA 2K16 (PS4, XBO, 360, PS3)**","Fallout 4 (PS4, XBO, PC)**","Star Wars Battlefront (PS4, XBO, PC)**","Star Wars Battlefront (PS4, XBO, PC)**","Assassin's Creed: Syndicate (PS4, XBO)**","Metal Gear Solid V: The Phantom Pain (PS4, XBO, PS3, 360)**",Gears Of War Ultimate Ed (XBO),"Minecraft (360, PS3, XBO, PS4)","LEGO: Jurassic World (360, XBO, PS4, PS3, 3DS, NWU, PSV)","Grand Theft Auto V (PS4, XBO, 360, PS3, PC)","Battlefield Hardline (XBO, PS4, 360, PS3, PC)**","Grand Theft Auto V (XBO, PS4, 360, PS3)**","Madden NFL 15 (360, XBO, PS4, PS3)**","Super Smash Bros. (NWU, 3DS)**","The Evil Within (PS4, XBO, PS3, 360, PC)","Minecraft (360, PS3)","FIFA 14 (360, PS4, XBO, PS3, PSV)","Minecraft (360, PS3)","MLB 14: The Show (PS4, PS3, PSV)","NBA 2K14 (360, PS4, PS3, XBO, PC)**","South Park: The Stick Of Truth (360, PS3, PC)**","NBA 2K14 (360, PS4, PS3, XBO, PC)**","Just Dance 2014 (WII, 360, NWU, XBO, PS3, PS4)**",Pokemon Y (3DS),"NBA 2K14 (360, PS3, PC)","Disney Infinity (360, WII, PS3, NWU, 3DS)",The Last of Us (PS3)**,Minecraft (360),"Donkey Kong Country Returns (3DS, WII)","Bioshock Infinite (360, PS3, PC)**",Gears of War: Judgement (360),"Crysis 3 (360, PS3, PC)","Just Dance 4 (Wii, 360, PS3, Wii U)",Halo 4 (360)**,"Assassin's Creed III (360, PS3, Wii U, PC)**",Pokemon Black Version 2 (NDS),"FIFA 13 (360, PS3, PSV, Wii, 3DS, PSP)",Kingdom Hearts 3D: Dream Drop Distance (3DS)**,"The Amazing Spider-Man (360, PS3, 3DS, NDS, Wii)",Diablo III (PC)**,"Tom Clancy's Ghost Recon: Future Soldier (360, PS3)","Call of Duty: Modern Warfare 3 (360, PS3, Wii, PC)**","MLB 12: The Show (PS3, PSV)","UFC Undisputed 3 (360, PS3)","The Elder Scrolls V: Skyrim (360, PS3, PC)**","The Elder Scrolls V: Skyrim (360, PS3, PC)**","Battlefield 3 (360, PS3, PC)**","NBA 2K12 (360, PS3, PSP, Wii, PS2, PC)","Dead Island (360, PS3, PC)","Call of Duty: Black Ops (360, PS3, NDS, Wii, PC)**","Call of Duty: Black Ops (360, PS3, NDS, Wii, PC)",Infamous 2 (PS3),"Lego Pirates of the Caribbean: The Video Game (Wii, 360, NDS, PS3, 3DS, PSP, PC)","Lego Star Wars III: The Clone Wars (Wii, NDS, 360, 3DS, PS3, PC)","Homefront (360, PS3, PC)",Just Dance 2 (Wii),"Dead Space 2* (360, PS3, PC)",World of Warcraft: Cataclysm** (PC),"Medal Of Honor** (360, PS3, PC)","Dead Rising 2 (360, PS3, PC)",Super Mario Galaxy 2 (Wii),Crackdown 2 (360),New Super Mario Bros. Wii (Wii),Call of Duty: Modern Warfare 2* (360),Wii Sports Resort (Wii),New Super Mario Bros. Wii (Wii),Borderlands (360),Madden NFL 10 (360),Madden NFL 10 (PS3),NCAA Football 10 (PS3),EA Sports Active Bundle (Wii),EA Sports Active Bundle (Wii),Mario Kart Wii,Halo Wars* (360),Wii Play (Wii),Fallout 3 (360),Rock Band 2 (360),Guitar Hero: On Tour (NDS),Ninja Gaiden II (Xbox 360),Wii Fit (wii),Grand Theft Auto IV* (PS3),Wii Play (Wii),Guitar Hero III: Legends of Rock (Wii),Guitar Hero III: Legends of Rock* (PS2),The Legend of Zelda: Phantom Hourglass (NDS),Bioshock (Xbox 360),Pokemon Diamond Version (Nintendo DS)
4,NBA 2K19,FIFA 19^,Grand Theft Auto V,Crash Bandicoot: N. Sane Trilogy,Far Cry 5,Labo Variety Kit,Kirby Star Allies*,Dragon Ball: Fighterz,NBA 2K18,South Park: The Fractured But Whole,FIFA 18,Splatoon 2***,Final Fantasy XII: The Zodiac Age,Crash Bandicoot: N. Sane Trilogy,The Legend of Zelda: Breath of the Wild***,MLB 17: The Show,Horizon Zero Dawn***,NBA 2K17,Battlefield 1,Madden NFL 17,Pokemon: Moon***,FIFA 17,NHL 17,Grand Theft Auto V,Monster Hunter: Generations***,"Battleborn (PS4, XBO, PC)","Tom Clancy's The Division (PS4, XBO, PC)**","Grand Theft Auto V (PS4, XBO, 360, PS3, PC)","Naruto Shippuden: Ultimate Ninja Storm 4 (PS4, XBO)","Star Wars Battlefront 2015 (XBO, PS4, PC)**","Madden NFL 16 (PS4, XBO, 360, PS3)**","Madden NFL 16 (PS4, XBO, 360, PS3)**","Madden NFL 16 (PS4, XBO, 360, PS3)**","Madden NFL 16 (PS4, XBO, 360, PS3)**","FIFA 16 (PS4, XBO, 360, PS3)**","Grand Theft Auto V (PS4, XBO, 360, PS3, PC)**","Grand Theft Auto V (PS4, XBO, 360, PS3, PC)**","The Witcher 3: Wild Hunt (PS4, XBO, PC)**","Minecraft (360, PS3, XBO, PS4)","MLB 15: The Show (PS4, PS3)**",Mario Party 10 (NWU)**,"Super Smash Bros.(NWU, 3DS)**","Madden NFL 15 (360, XBO, PS4, PS3)**","Borderlands: The Pre-Sequel! (360, PS3, PC)","The Last of Us (PS4, PS3)**","Watch Dogs (PS4, 360, PS3, XBO, PC)**)","UFC (PS4, XBO)","Wolfenstein: The New Order (PS4, XBO, 360, PS3, PC)",Minecraft (360),"Call Of Duty: Ghosts (360, PS4, PS3, XBO, NWU, PC)**","Thief (PS4, XBO, 360, PS3)","Madden NFL 25 (360, XBO, PS3, PS4)","Battlefield 4 (360, PS3, PC)","Diablo III (360, PS3, PC)**","Tom Clancy's Splinter Cell: Blacklist (360, PS3, NWU, PC)**","Call of Duty: Black Ops II (360, PS3, NWU, PC)**","Call of Duty: Black Ops II (360, PS3, PC, NWU)**","Dead Island: Riptide (360, PS3, PC)**","Call of Duty: Black Ops II (360, PS3, PC, NWU)**",God of War: Ascension (PS3)**,"NBA 2K13 (360, PS3, Wii, Wii U, PSP, PC)**","NBA 2K13 (360, PS3, Wii, Wii U, PSP, PC)**","Assassin's Creed III (360, PS3, PC, Wii U)**","Just Dance 4 (Wii, 360, Wii U, PS3)","Dishonored (360, PS3, PC)",New Super Mario Bros 2 (3DS),"NCAA Football 13 (360, PS3)","Just Dance 3 (Wii, 360, PS3)","Max Payne 3 (360, PS3, PC)**","Prototype 2 (360, PS3)**","Tiger Woods PGA Tour 13 (360, PS3)**","NBA 2K12 (360, PS3, Wii, PSP, PC, PS2)","Kingdoms of Amalur: Reckoning (360, PS3, PC)","NBA 2K12 (360, PS3, PSP, Wii, PS2, PC)",Mario Kart 7 (3DS),"Assassin's Creed: Revelations (360, PS3, PC)","Rage (360, PS3, PC)","FIFA 12 (360, PS3, Wii, PS2, PSP, 3DS)","Phineas and Ferb: Across the 2nd (NDS, Wii, PS3)","Lego Pirates of the Caribbean: The Video Game (Wii, NDS, 360, PS3, 3DS, PSP, PC)","Lego Pirates of the Caribbean: The Video Game (Wii, 360, NDS, PS3, 3DS, PSP, PC)","Portal 2 (360, PS3, PC)","Call of Duty: Black Ops (360, PS3, NDS, Wii, PC)**","Dragon Age II (360, PS3, PC)**","NBA 2K11 (360, PS3, PS2, Wii, PSP, PC)",Little Big Planet 2* (PS3),"Assassin's Creed: Brotherhood** (360, PS3)",Fable III** (360),"NHL 11 (360, PS3)",Mafia II* (360),Super Mario Galaxy 2 (Wii),Pokemon HeartGold Version (NDS),Just Dance (Wii),Call of Duty: Modern Warfare 2* (360),Assassin's Creed II (360),Wii Sports Resort* (Wii),Mario & Luigi: Bowser's Inside Story (NDS),Batman: Arkham Asylum* (360),Wii Fit (Wii),Tiger Woods PGA Tour 10* (Wii),EA Sports UFC (PS3),Wii Play (Wii),Resident Evil 5* (PS3),Wii Fit (Wii),Mario Kart Wii,Mario Kart Wii,Wii Play (Wii),Wii Fit (Wii),Grand Theft Auto IV* (PS3),Wii Play (Wii),Devil May Cry 4* (PS3),Rock Band Special Edition Bundle (Xbox 360),Wii Play (Wii),Madden NFL 08 (Playstation 2),Madden NFL 08 (Playstation 3),Pokemon Pearl Version (Nintendo DS)
5,Super Mario Party*,Shadow Of The Tomb Raider,Mario Kart 8*,The Legend of Zelda: Breath of the Wild*,Donkey Kong Country: Tropical Freeze*,Donkey Kong Country: Tropical Freeze*,Grand Theft Auto V,Grand Theft Auto V,Mario Kart 8**,NBA 2K18,Mario & Rabbids: Kingdom Battle**,The Legend of Zelda: Breath of the Wild***,The Legend of Zelda: Breath of the Wild***,ARMS***,Prey 2017***,Tom Clancy's Ghost Recon: Wildlands,MLB 17: The Show***,Call of Duty: Infinite Warfare,NBA 2K17,NBA 2K17,Titanfall 2,NBA 2K17,Bioshock: The Collection,Overwatch^,Call of Duty: Black Ops III,"Grand Theft Auto V (PS4, XBO, 360, PS3, PC)","Grand Theft Auto V (PS4, XBO, 360, PS3, PC)","UFC 2 (PS4, XBO)**","NBA 2K16 (PS4, XBO, 360, PS3)**","Fallout 4 (PS4, XBO, PC)**","NBA 2K16 (PS4, XBO, 360, PS3)**","NBA 2K16 (PS4, XBO, 360, PS3)**","NBA 2K16 (PS4, XBO, 360, PS3)**","WWE 2K16 (PS4, XBO, 360, PS3)","Destiny: The Taken King (XBO, PS4, 360, PS3)","LEGO: Jurassic World (360, 3DS, NWU, PS3, XBO, PS4, PSV)","Rory Mcilroy PGA Tour (PS4, XBO)",Splatoon (NWU),Splatoon (NWU),"Minecraft (360, PS3, XBO, PS4)","Call of Duty: Advanced Warfare (PS4, XBO, 360, PS3, PC)**","NBA 2K15 (360, XBO, PS4, PS3, PC)",Pokemon Alpha Sapphire (3DS),"Destiny (360, XBO, PS4, PS3)**","Call Of Duty: Ghosts (360, XBO, PS4, PS3, PC, NWU)**",Mario Kart 8 (NWU),"FIFA 14 (PS4, 360, XBO, PS3, PSV)","Minecraft (360, PS3)","LEGO The Hobbit (360, PS3, One, PS4, 3DS, NWU, PSV)","Dark Souls II (PS3, 360)**","Grand Theft Auto V (360, PS3)**","NBA 2K14 (360, PS3, PS4, XBO, PC)**","Batman: Arkham Origins (360, PS3, NWU, PC)**","FIFA 14 (360, PS3, Vita)",Minecraft (360),Animal Crossing: New Leaf (3DS),"NBA 2K13 (360, PS3, WII, NWU, PSP, PC)**",Luigi's Mansion: Dark Moon (3DS),"Defiance (360, PS3, PC)**","Call of Duty: Black Ops II (360, PS3, PC, NWU)**","Metal Gear Rising: Revengeance (PS3, 360)**","Madden NFL 13 (360, PS3, Wii, PSV, Wii U)","Madden NFL 13 (360, PS3, Wii, PSV, Wii U)","Madden NFL 13 (360, PS3, Wii, PSV, Wii U)",Pokemon White Version 2 (NDS),Guild Wars 2 (PC)**,"Lego Batman 2: DC Super Heroes (Wii, 360, NDS, PS3, 3DS, PSV, PC)","Batman Arkham City (360, PS3, PC)**","NBA 2K12 (360, PS3, Wii, PSP, PS2, PC)","NBA 2K12 (360, PS3, Wii, PSP, PS2, PC)","NBA 2K12 (360, PS3, Wii, PSP, PC, PS2)","SSX 2012 (360, PS3)","Just Dance 3 (Wii, 360, PS3)","Battlefield 3 (360, PS3, PC)*","Battlefield 3 (360, PS3, PC)**","Just Dance 3 (Wii, 360)","Just Dance 3 (Wii, 360)","NHL 12 (360, PS3)","Cars 2 (NDS, Wii, 360, PS3, PC)",Just Dance 2 (Wii),Legend of Zelda: Ocarina of Time 3D (3DS),"Mortal Kombat 2011 (PS3, 360)","Tiger Woods PGA Tour 12: The Masters (360, PS3, Wii)**","Call of Duty: Black Ops (360, PS3, NDS, Wii, PC)**","Dead Space 2 (360, PS3, PC)**","Zumba Fitness: Join the Party (WII, 360, PS3)",Donkey Kong Country Returns (WII),"Star Wars: The Force Unleashed II** (360, PS3, WII, PC, DS)","FIFA 11 (360, PS3, PS2, PSP, NDS)",New Super Mario Bros. (NDS),LEGO Harry Potter: Years 1-4 (NDS),God of War III* (PS3),Wii Sports Resort (Wii),Call of Duty: Modern Warfare 2* (PS3),Left 4 Dead 2 (360),NBA 2K10* (360),The Beatles: Rock Band* (360),Batman: Arkham Asylum* (PS3),Mario Kart Wii,Wii Fit (Wii),Infamous (PS3),The Godfather II (360),Wii Fit (Wii),Mario Kart Wii,Wii Play (Wii),Star Wars: The Force Unleashed (PS3),NCAA Football 09 (PS3),Wii Play (Wii),Wii Play (Wii),Super Smash Bros. Brawl (Wii),Guitar Hero III: Legends of Rock* (Wii),Guitar Hero III: Legends of Rock (Xbox 360),Assassin's Creed* (Xbox 360),Skate (Xbox 360),Wii Play (Wii),Forza Motorsport 2 (Xbox 360)
6,Soul Calibur VI,Madden NFL 19^,Naruto To Boruto: Shinobi Striker,Far Cry 5,Grand Theft Auto V,Mario Kart 8*,Call of Duty: WWII,Shadow of Colossus 2018,Madden NFL 18,FIFA 18,Marvel vs. Capcom: Infinite,Tom Clancy's Rainbow Six: Siege,Injustice 2,The Legend of Zelda: Breath of the Wild***,Tom Clancy's Ghost Recon: Wildlands,Grand Theft Auto V,Grand Theft Auto V,Tom Clancy's Rainbow Six: Siege,Kingdom Hearts HD 2.8 Final Chapter Prologue,Watch Dogs 2,NBA 2K17,The Elder Scrolls V: Skyrim***,Destiny: The Collection,Tom Clancy's Rainbow Six: Siege,Minecraft***,"Minecraft (XBO, 360, PS4, PS3)","Minecraft (XBO, 360, PS4, PS3)","MLB 16: The Show (PS4, PS3)**","Lego Marvel Avengers (PS4, 360, XBO, NWU, PS3, 3DS, PSV)","Minecraft (360, XBO, PS4, PS3)","Grand Theft Auto V (PS4, XBO, 360, PS3, PC)**","FIFA 16 (PS4, XBO, 360, PS3)**","FIFA 16 (PS4, XBO, 360, PS3)**","FIFA 16 (PS4, XBO, 360, PS3)**",Super Mario Maker (NWU),Rare Replay (XBO),"The Elder Scrolls Online: Tamriel Unlimited (XBO, PS4, PC)**","Minecraft (360, PS3, XBO, PS4)","Call of Duty: Advanced Warfare (PS4, 360, XBO, PS3, PC)**","NBA 2K15 (XBO, PS4, 360, PS3, PC)","MLB 15: The Show (PS4, PS3)**","Minecraft (360, XBO, PS3, PS4)","Far Cry 4 (PS4, XBO, 360, PS3, PC)**","Skylanders Trap Team (360, Wii, NWU, PS3, XBO, PS4, 3DS, MOB)**","Lego Marvel Super Heroes (360, PS3, NWU, PS4, 3DS, NDS, XBO, PSV, PC)","Call of Duty: Ghosts (XBO, 360, PS4, PS3, NWU, PC)**","NBA 2K14 (360, PS3, PS4, XBO, PC)**","The Amazing Spider-Man 2 (360, PS3, PS4, XBO, 3DS, NWU)","The LEGO Movie Videogame (360, 3DS, PS3, NWU, XBO, PS4, PSV)","Metal Gear Solid V: Ground Zeroes (PS4, XBO, PS3, 360)","Battlefield 4 (PS4, XBO, 360, PS3, PC)","Assassin's Creed IV: Black Flag (360, PS3, PS4, XBO, NWU, PC)**","Assassin's Creed IV: Black Flag (360, PS3, NWU)**",Kingdom Hearts HD 1.5 ReMIX (PS3),Mario & Luigi: Dream Team (3DS),"Far Cry 3 (360, PS3, PC)","Injustice: Gods Among Us (360, PS3, NWU)**","Metro: Last Light (360, PS3, PC)",Luigi's Mansion: Dark Moon (3DS),Luigi's Mansion: Dark Moon (3DS),"Aliens: Colonial Marines 2013 (360, PS3, PC)**","DMC: Devil May Cry (PS3, 360)","Far Cry 3 (360, PS3, PC)","Skylander Giants (Wii, 360, PS3, 3DS, Wii U)**","Madden NFL 13 (360, PS3, Wii, PSV)","NHL 13 (360, PS3)**","Sleeping Dogs (360, PS3)","Call of Duty: Black Ops (360, PS3, DS, Wii, PC)**","Batman Arkham City (360, PS3, PC)**","Call of Duty: Modern Warfare 3 (360, PS3, Wii, PC)**","The Witcher 2: Assassin of Kings (360, PC)**","Street Fighter X Tekken (PS3, 360)**","NBA 2K12 (360, PS3, PSP, Wii, PC, PS2)","Madden NFL 12 (360, PS3, Wii, PSP, PS2)**","Madden NFL 12 (360, PS3, Wii, PSP, PS2)**","Madden NFL 12 (360, PS3, Wii, PSP, PS2)**","Dark Souls (PS3, 360)**","Deus Ex: Human Revolution (360, PS3, PC)**",Just Dance Summer Party (Wii),"Major League Baseball 2K11 (360, Wii, NDS, PS3, PS2, PSP, PC)","Call of Duty: Black Ops (360, PS3, Wii, NDS, PC)","Call of Duty: Black Ops (360, PS3, Wii, NDS, PC)","Crysis 2 (360, PS3, PC)","Lego Star Wars III: The Clone Wars (Wii, 360, NDS, PS3, 3DS, PSP, PC)","Zumba Fitness: Join the Party (Wii, 360, PS3)","NBA 2K11 (360, PS3, PSP, WII, PS2, PC)",Disney Epic Mickey** (WII),Halo: Reach** (360),Kingdom Hearts: Birth by Sleep (PSP),New Super Mario Bros. Wii (Wii),Red Dead Redemption (360),Wii Sports Resort* (Wii),Call of Duty: Modern Warfare 2* (PS3),Wii Play w/ Remote (Wii),Wii Sports Resort* (Wii),Halo 3: ODST (360),Madden NFL 10 (PS3),Madden NFL 10 (PS2),Mario Kart DS (NDS),Fight Night Round 4 (360),Pokemon Platinum Version (NDS),Resident Evil 5 (360),MLB '09: The Show (PS3),Call of Duty: World at War (PS3),Saints Row 2*(360),Mercenaries 2: World in Flames (360),Soul Calibur IV* (360),Battlefield: Bad Company* (Xbox 360),Super Smash Bros. Brawl (Wii),Gran Turismo 5: Prologue (PS3),Mario and Sonic at the Olympic Games (NDS),Super Mario Galaxy (Wii),Halo 3* (Xbox 360),Madden NFL 08 (Xbox 360),Metroid Prime 3: Corruption (Wii),Guitar Hero II w/ guitar (Playstation 2)
7,FIFA 19^,Forza Horizon 4,God of War,Super Mario Odyssey*,Hyrule Warriors*,Grand Theft Auto V,Mario Kart 8*,UFC 3,Playerunknown's Battlegrounds^,WWE 2K18,Grand Theft Auto V,Mario Kart 8***,Mario Kart 8***,Mario Kart 8***,Fire Emblem Echoes: Shadow of Valentia***,Mass Effect: Andromeda,For Honor,Madden NFL 17,Madden NFL 17,Grand Theft Auto V,Madden NFL 17,WWE 2K17,Grand Theft Auto V,Call of Duty: Black Ops III,NBA 2K16,"NBA 2K16 (PS4, XBO, 360, PS3)**",Quantum Break (XBO),Pokken Tournament (NWU),Street Fighter V (PS4)**,"Tom Clancy's Rainbow Six: Siege (XBO, PS4, PC)**","Tom Clancy's Rainbow Six: Siege (XBO, PS4, PC)**","Need For Speed 2015 (PS4, XBO)**","Need For Speed 2015 (PS4, XBO)**","Destiny: The Taken King (PS4, XBO, 360, PS3)","Disney Infinity 3.0 (360, NWU, XBO, PS4, PS3)**",Until Dawn (PS4),"Destiny (XBO, PS4, 360, PS3)**","Grand Theft Auto V (XBO, PS4, 360, PS3, PC)","NBA 2K15 (360, PS4, XBO, PS3, PC)","Call of Duty: Advanced Warfare (XBO, PS4, 360, PS3, PC)**","Minecraft (360, PS3, XBO, PS4)","Far Cry 4 (PS4, XBO, 360, PS3, PC)**",Pokemon Omega Ruby (3DS),"FIFA 15 (PS4, 360, PS3, XBO, Wii, PSV, 3DS)**","Plants vs Zombies: Garden Warfare (360, PS3, PS4, XBO)","Grand Theft Auto V (360, PS3)**","Wolfenstein: The New Order (PS4, XBO, 360, PS3, PC)**","NBA 2K14 (360, PS4. PS3, XBO, PC)**","Lego Marvel Super Heroes (360, PS3, NDS, 3DS, PS4, NWU, XBO, PSV, PC)","NBA 2K14 (360, PS4, PS3, XBO, PC)**","Assassin's Creed IV: Black Flag (360, PS4, PS3, XBO, NWU, PC)**","Grand Theft Auto V (360, PS3)**","NBA 2K14 (360, PS3, PC)**","Disney Infinity (360, WII, PS3, NWU, 3DS)","NCAA Football 14 (360, PS3)","Battlefield 3 (360, PS3, PC)**","Donkey Kong Country Returns (3DS, WII)","NBA 2K13 (360, PS3, WII, NWU, PSP, PC)**","NBA 2K13 (360, PS3, WII, NWU, PSP, PC)**","MLB 13: The Show (PS3, PSV)","Just Dance 4 (Wii, 360, PS3, Wii U)",Halo 4 (360)**,"NBA 2K13 (360, PS3, Wii, Wii U, PSP, PC)**","Need for Speed: Most Wanted 2012 (PS3, 360, PSV, PC)","FIFA 13 (360, PS3, Wii, PSV, 3DS, PSP)",World of Warcraft: Mists of Pandaria (PC)**,"Transformers: Fall of Cybertron (360, PS3)","Assassin's Creed: Revelations (360, PS3, PC)",Pokemon Conquest (NDS),"Sniper Elite V2 (360, PS3)",Mario Party 9 (Wii),Mario Party 9 (Wii),"Soul Calibur V (360, PS3)**",Mario Kart 7 (3DS),"Assassin's Creed: Revelations (360, PS3, PC)",Uncharted 3: Drake's Deception (PS3)**,"Madden NFL 12 (360, PS3, Wii, PS2, PSP)**",Resistance 3 (PS3),Just Dance 2 (Wii),"Zumba Fitness: Join the Party (Wii, 360, PS3)","NBA 2K11 (360, PS3, Wii, PS2, PSP, PC)","Zumba Fitness: Join the Party (Wii, 360, PS3)",Just Dance 2 (Wii),"Crysis 2 (360, PS3, PC)","Bulletstorm (360, PS3, PC)","Assassin's Creed: Brotherhood* (360, PS3)","Madden NFL 11 (360, PS3, WII, PS2, PSP)",Just Dance 2 (WII),"Mafia II (360, PS3, PC)",Mafia II* (PS3),LEGO Harry Potter: Years 1-4 (Wii),Battlefield: Bad Company 2 (360),Mass Effect 2* (360),Mario Kart Wii,Wii Fit Plus* (Wii),NBA 2K10* (PS3),Marvel: Ultimate Alliance 2 (360),Dissidia: Final Fantasy (PSP),Pokemon Platinum Version (NDS),Fight Night Round 4 (PS3),Mario Kart Wii,New Super Mario Bros (NDS),Killzone 2 (PS3),Guitar Hero World Tour (Wii),SOCOM: U.S. Navy SEALs Confrontation* (PS3),Wii Play (Wii),Mario Kart Wii,Mario Kart Wii,Iron Man (PS2),Pokemon Mystery Dungeon: Explorers of Darkness (NDS),Lost Odyssey,Burnout Paradise (Xbox 360),Brain Age 2: More Training in Minutes a Day (DS),Metroid Prime 3: Corruption (Wii),Mario Strikers: Charged (Wii),Guitar Hero II w/ guitar (Xbox 360)
8,Spider-Man,Destiny 2^,Call Of Duty: Modern Warfare 2,The Crew 2,Tom Clancy's Rainbow Six: Siege,Call of Duty: WWII,Ni No Kuni II: Revenant Kingdom,Kingdom Come: Deliverance,Assassin's Creed: Origins,Madden NFL 18,NHL 18,Call of Duty: Modern Warfare Remastered,Overwatch^,Overwatch^,NBA 2K17,NBA 2K17,NBA 2K17,Battlefield 1,Watch Dogs 2,Pokemon: Sun***,Watch Dogs 2,Civilization VI,Overwatch^,Lego Star Wars: The Force Awakens,Doom 2016***,"Call of Duty: Black Ops III (XBO, PS4, 360, PS3, PC)**","Call of Duty: Black Ops III (XBO, PS4, 360, PS3, PC)**","NBA 2K16 (PS4, XBO, 360, PS3)**","Minecraft (360, XBO, PS4, PS3)","Madden NFL 16 (PS4, XBO, 360, PS3)**","Minecraft (360, XBO, PS4, PS3)",Halo 5: Guardians (XBO)**,Halo 5: Guardians (XBO)**,Yoshi's Wooly World (NWU)**,"Mad Max (PS4, XBO)","Call Of Duty: Black Ops Combo Pack (360, PS3)","Mortal Kombat X (PS4, XBO)**","Mortal Kombat X (PS4, XBO)**","FIFA 15 (PS4, XBO, 360, PS3, Wii, 3DS, PSV)**","Dark Souls II (PS4, XBO, 360, PS3)","NBA 2K15 (PS4, XBO, 360, PS3, PC)","Just Dance 2015 (Wii, 360, NWU, XBO, PS4, PS3)","NBA 2K15 (PS4, 360, XBO, PS3, PC)","Madden NFL 15 (360, PS4, PS3, XBO)**","Watch Dogs (PS4, 360, PS3, XBO, PC)**","Sniper Elite III (PS4, XBO, 360, PS3)**","Call Of Duty: Ghosts (360, PS4, PS3, XBO, NWU, PC)**","Titanfall (360, XBO, PC)**","The Amazing Spider-Man 2 (PS4, 360, PS3, NWU, 3DS)","Final Fantasy X/X-2 HD Remaster (PS3, PSV)","Lightning Returns: Final Fantasy XIII (PS3, 360)","Lego Marvel Super Heroes (360, PS3, 3DS, XBO, PS4, NWU, PSV, PC)","Skylanders SWAP Force (WII, 360, PS3, NWU, 3DS)","NHL 14 (360, PS3)","Payday 2 (360, PS3)**","Injustice: Gods Among Us (360, PS3, NWU)**","Deadpool (360, PS3)","Bioshock Infinite (360, PS3, PC)**","Skylanders Giants (WII, 360, PS3, 3DS, NWU)**","NBA 2K13 (360, PS3, WII, NWU, PSP, PC)**","Far Cry 3 (360, PS3, PC)","Assassin's Creed III (360, PS3, Wii U, PC)**","Skylander Giants (Wii, 360, PS3, 3DS, Wii U)**","NBA 2K13 (360, PS3, Wii, PSP, Wii U, PC)**","Medal of Honor: Warfighter (360, PS3, PC)","NCAA Football 13 (360, PS3)","Batman: Arkham City (360, PS3, PC)**","NBA 2K12 (360, PS3, Wii, PSP, PS2, PC)","Call of Duty: Modern Warfare 3 (360, PS3, Wii, PC)**","Battlefield 3 (360, PS3, PC)**","Mass Effect 3 (360, PS3, PC)**","Call of Duty: Modern Warfare 3 (360, PS3, Wii, PC)**","The Elder Scrolls V: Skyrim (360, PS3, PC)**","Skylanders: Spyro's Adventure (Wii, 3DS, 360, PS3, PC)**","NBA 2K12 (360, PS3, Wii, PSP, PS2, PC)","Saints Row: The Third (360, PS3, PC)**",Forza Motorsport 4 (360)**,"Lego Star Wars III: The Clone Wars (Wii, NDS, 360, 3DS, PS3, PSP, PC)","Lego Pirates of the Caribbean: The Video Game (Wii, 360, NDS, PS3, 3DS, PSP, PC)","Fallout: New Vegas (360, PS3, PC)","Mortal Kombat 2011 (PS3, 360)","NBA 2K11 (360, PS3, Wii, PS2, PSP, PC)","Michael Jackson The Experience (360, Wii, PS3, NDS, PSP)","NBA 2K11 (360, PS3, PS2, Wii, PSP, PC)",Killzone 3 (PS3)**,Dance Central (360),"Michael Jackson The Experience** (WII, NDS, PSP)","FIFA 11 (PS3, 360, WII, PS2, PSP, DS, PC)","Spider-Man: Shattered Dimensions (PS3, 360, NDS, WII)",Call of Duty: Modern Warfare 2* (360),Dragon Quest IX: Sentinels of the Starry Skies (NDS),Wii Fit Plus* (Wii),Dante's Inferno: Divine Edition (PS3),Assassin's Creed II (360),Assassin's Creed II (PS3),Forza Motorsport 3 (360),Batman: Arkham Asylum* (PS3),Wii Fit* (Wii),Fight Night Round 4 (360),Mario Kart Wii,Punch-Out!! (Wii),Mario Kart DS (NDS),Wii Play (Wii),Left 4 Dead (360),Little Big Planet (PS3),Madden NFL 09* (360),Rock Band* (Wii),Lego Indiana Jones: The Original Adventures (Wii),Guitar Hero III: Legends of Rock (Wii),Pokemon Mystery Dungeon: Explorers of Time (NDS),Turok (360),Call of Duty 4: Modern Warfare (Playstation 3),Madden NFL 08 (PS2),Bioshock (Xbox 360),Guitar Hero II w/ guitar (Playstation 2),Pokemon Battle Revolution (Nintendo Wii)
9,Madden NFL 19^,Super Mario Party*,The Legend of Zelda: Breath of the Wild*,Tom Clancy's Rainbow Six: Siege,Mario Kart 8*,Super Mario Odyssey*,NBA 2K18,Mario Kart 8*,The Legend of Zelda: Breath of the Wild**,Destiny 2^,The Legend of Zelda: Breath of the Wild**,Crash Bandicoot: N. Sane Trilogy,Tom Clancy's Rainbow Six: Siege,NBA 2K17,MLB 17: The Show,Overwatch^,Nier: Automata,Nioh***,Overwatch^,FIFA 17,The Elder Scrolls V: Skyrim***,Titanfall 2,Forza Horizon 3***,Minecraft***,Destiny: The Taken King,"MLB 16: The Show (PS4, PS3)**","NBA 2K16 (PS4, XBO, 360, PS3)**","Call of Duty: Black Ops III (XBO, PS4, 360, PS3, PC)**",Fire Emblem Fates: Birthright (3DS),"Lego Marvel Avengers (PS4, XBO, 360, NWU, PS3, 3DS, PSV)","Minecraft: Story Mode - A Telltale Game Series (360, XBO, PS4, PS3)","Assassin's Creed: Syndicate (PS4, XBO, PC)**","Assassin's Creed: Syndicate (PS4, XBO, PC)**",Uncharted: The Nathan Drake Collection (PS4),"NHL 16 (XBO, PS4, 360, PS3)**","Batman: Arkham Knight (PS4, XBO)**","FIFA 15 (PS4, 360,. XBO, PS3, Wii, PSV, 3DS)**","NBA 2K15 (360, PS4, XBO, PS3, PC)","MLB 15: The Show (PS4, PS3)**","Super Smash Bros. (3DS, NWU)**","Borderlands: The Handsome Collection (PS4, XBO)**","Destiny (XBO, 360, PS4, PS3)**","Assassin's Creed: Unity (PS4, XBO, PC)**","Middle Earth: Shadow Of Mordor (PS4, XBO, PC)","Battlefield 4 (360, PS3, PS4, XBO, PC)","NBA 2K14 (360, PS3, PS4, XBO, PC)**",Tomodachi Life (3DS),Kirby: Triple Deluxe (3DS),"Grand Theft Auto V (360, PS3)**","The LEGO Movie Videogame (360, PS3, 3DS, NWU, XBO, PS4, PSV)",Minecraft (360),"FIFA 14 (360, PS4, XBO, PS3, PSV)","Lego Marvel Super Heroes (360, PS3, NWU, 3DS, PSV, PC)",Minecraft (360),"Final Fantasy XIV Online: A Realm Reborn (PS3, PC)**","NBA 2K13 (360, PS3, Wii, NWU, PSP, PC)**","Battlefield 3 (360, PS3, PC)**","Battlefield 3 (360, PS3, PC)**",Lego City Undercover: The Chase Begins (3DS),"The Walking Dead: Survival Instinct (360, PS3, NWU)","Sly Cooper: Thieves in Time (PS3, PSV)","Skylander Giants (Wii, 360, PS3, 3DS, Wii U)**",New Super Mario Bros. 2 (3DS),"WWE '13 (360, PS3, Wii)","Borderlands 2 (360, PS3, PC)**","Lego Batman 2: DC Super Heroes (Wii, 360, NDS, PS3, 3DS, PSV, PC)","Call of Duty: Modern Warfare 3 (360, PS3, Wii, PC)**","Call of Duty: Modern Warfare 3 (360, PS3, Wii, PC)**","Battlefield 3 (360, PS3, PC)**","Dragon's Dogma (360, PS3)","Just Dance 3 (Wii, 360, PS3)","Naruto Shippuden: Ultimate Ninja (360, PS3)",Twisted Metal 2012 (PS3),Zumba Fitness 2: Party Yourself (Wii),Super Mario 3D Land (3DS),The Legend of Zelda: SkywardSword (WII)**,Gears of War 3 (360)**,"Call of Duty: Black Ops (360, PS3, NDS, Wii, PC)**",The Legend of Zelda Ocarina of Time 3D (3DS),New Super Mario Bros DS (NDS),"Cars 2 (NDS, Wii, 360, PS3, PC)",Just Dance 2 (Wii),Pokemon White Version (NDS),"MLB 11: The Show (PS3, PSP, PS2)","Michael Jackson The Experience (WII, DS, PSP)**","Michael Jackson The Experience* (WII, DS, PSP)","NBA 2K11 (360, PS3, WII,PSP, PS2, PC)","Madden NFL 11 (360, PS3, WII, PS2, PSP)",Metroid: Other M (Wii),NCAA Football 11 (360),New Super Mario Bros. Wii (Wii),Just Dance (Wii),Dante's Inferno (360),Left 4 Dead 2 (360),Dragon Age: Origins* (360),Kingdom Hearts 358/2 Days (NDS),Guitar Hero 5* (360),Mario Kart Wii,New Super Mario Bros. (NDS),Red Faction: Guerilla (360),X-Men Origins: Wolverine Uncaged (360),Guitar Hero Aerosmith* (360),Mario Kart Wii,Resistance 2* (PS3),NBA 2K9 (360),Star Wars: The Force Unleashed (Wii),Soul Calibur IV* (PS3),Lego Indiana Jones: The Original Adventures (NDS),Pokemon Mystery Dungeon: Explorers of Darkness (NDS),Guitar Hero III: Legends of Rock (Wii),Guitar Hero III: Legends of Rock* (PS2),Mario Party DS (NDS),Guitar Hero III: Legends of Rock* (Xbox 360),Brain Age 2: More Training in Minutes a Day (NDS),Mario Party 8 (Wii),Resident Evil 4 (Nintendo Wii)
10,WWE 2K19,NHL 19,Super Mario Odyssey*,Mario Tennis Aces*,NBA 2K18,NBA 2K18,Monster Hunter: World,Super Mario Odyssey*,Grand Theft Auto V,Forza Motorsport 7,Tom Clancy's Rainbow Six: Siege,Overwatch^,NBA 2K17,Horizon Zero Dawn,Overwatch^,Call of Duty: Black Ops II,Call of Duty: Infinite Warfare,Overwatch^,FIFA 17,Pokemon: Moon***,FIFA 17,Madden NFL 17,Call of Duty: Black Ops III,Destiny: The Taken King,Tom Clancy's Rainbow Six: Siege,"Dark Souls III (PS4, XBO)**",Star Fox Zero (NWU),"Minecraft (360, PS4, XBO, PS3)","Fallout 4 (PS4, XBO, PC)**","FIFA 16 (PS4, XBO, 360, PS3)**","FIFA 16 (PS4, XBO, 360, PS3)**","Just Dance 2016 (Wii, NWU, 360, XBO, PS4, PS3)**","Just Dance 2016 (Wii, NWU, 360, XBO, PS4, PS3)**","Rock Band 4 (XBO, PS4)**","Minecraft (360, PS3, XBO, PS4)","Call of Duty: Advanced Warfare (PS4, XBO, 360, PS3, PC)**","Call of Duty: Advanced Warfare (PS4, XBO, 360, PS3, PC)**","Call of Duty: Advanced Warfare (XBO, PS4, 360, PS3, PC)**","Super Smash Bros. (3DS, NWU)**","Borderlands: The Handsome Collection (PS4, XBO)**","Final Fantasy: Type-0 (PS4, XBO)**","FIFA 15 (360, XBO, PS4, PS3, Wii, 3DS, PSV)**",Halo: The Master Chief Collection (XBO),"Minecraft (360, PS3, PS4)","The LEGO Movie Videogame (360, 3DS, PS3, NWU, PS4, XBO, PSV)","Lego Marvel Super Heroes (360, PS3, 3DS, NDS, PS4, NWU, XBO, PSV, PC)","Grand Theft Auto V (360, PS3)**","Call Of Duty: Ghosts (360, PS4, PS3, XBO, PC, NWU)**","Assassin's Creed IV: Black Flag (360, PS3, PS4, XBO, NWU, PC)",Minecraft (360),Bravely Default (3DS),"Skylanders SWAP Force (WII, 360, PS3, NWU, 3DS, XBO, PS4)**","WWE 2K14 (360, PS3)","Saints Row IV (360, PS3, PC)**",Pikmin 3 (NWU),"Lego Batman 2: DC Super Heroes (360, Wii, NDS, PS3, 3DS, NWU, PSV, PC)",Luigi's Mansion: Dark Moon (3DS),"Lego Batman 2: DC Super Heroes (360, WII, NDS, PS3, 3DS, NWU, PSV, PC)","MLB 13: The Show (PS3, Vita)","Naruto Shippuden: Ultimate Ninja Storm 3 (360, PS3)","Madden NFL 13 (360, PS3, Wii, PSV, Wii U)","FIFA 13 (PS3, 360, PSV, Wii, Wii U, 3DS, PSP)","FIFA 13 (360, PS3, Wii, PSV, Wii U, 3DS, PSP)","FIFA 13 (360, PS3, Wii, PSV, 3DS, Wii U, PSP)","Skylander Giants (Wii, 360, PS3, 3DS)**","Battlefield 3 (360, PS3, PC)**","The Amazing Spider-Man (360, PS3, NDS, 3DS, Wii)","Dead Island (360, PS3, PC)**","The Amazing Spider-Man (360, PS3, 3DS, NDS, Wii)","Just Dance 3 (Wii, 360, PS3)","MLB 12: The Show (PS3, PSV)","Major League Baseball 2K12 (360, PS3, Wii, NDS, PSP, PC, PS2)","Battlefield 3 (360, PS3, PC)**","Saints Row: TheThird (360, PS3, PC)**","Batman: Arkham City (360, PS3, PC)**","Batman: Arkham City (360, PS3, PC)**","FIFA 12 (360, PS3, Wii, PSP, PS2, 3DS)","Warhammer 40,000: Space Marine (360, PS3, PC)","Zumba Fitness: Join the Party (Wii, 360, PS3)","Mortal Kombat 2011 (360, PS3)",Just Dance 2 (Wii),"Lego Star Wars III: The Clone Wars (Wii, NDS, 360, PS3, 3DS, PSP, PC)","NBA 2K11 (360, PS3, Wii, PSP, PS2, PC)","Fight Night Champion (360, PS3)",Mario Sports Mix (Wii),"DC Universe Online (PS3, PC)","Need for Speed: Hot Pursuit (360, PS3, WII, PC)","WWE SmackDown vs. Raw 2011 (PS3, 360, PS2, WII, PSP)","Call of Duty: Modern Warfare 2 (360, PS3, PC)",Wii Fit Plus* (Wii),Call of Duty: Modern Warfare 2* (360),Super Street Fighter IV (PS3),Heavy Rain (PS3),Mario & Luigi: Bowser's Inside Story (NDS),Mario Kart Wii,FIFA 10 (360),The Beatles: Rock Band* (Wii),Fossil Fighters (NDS),EA Sports Activity Bundle (Wii),Infamous (PS3),Wii Play (Wii),The Godfather II (PS3),Major League Baseball 2K9 (360),Wii Music (Wii),Dead Space (360),Madden NFL 09* (PS2),Civilization: Revolution (360),Lego Indiana Jones: The Original Adventures (PS2),Pokemon Mystery Dungeon: Explorers of Time (NDS),Call of Duty 4: Modern Warfare* (Xbox 360),Rock Band* (360),Mario and Sonic at the Olympic Games (Wii),Mario & Sonic: Olympic Games (Wii),Heavenly Sword (Playstation 3),Guitar Hero Encore: Rocks the 80s (Playstation 2),The Darkness (Xbox 360)
11,Forza Horizon 4,Dragon Quest XI: Echoes Of An Elusive Age,Minecraft***,FIFA 18^,MLB 18: The Show,Playerunknown's Battlegrounds^,Super Mario Odyssey*,Tom Clancy's Rainbow Six: Siege,FIFA 18^,Gran Turismo Sport,Mario Kart 8**,Injustice 2,Tom Clancy's Ghost Recon: Wildlands,Tom Clancy's Ghost Recon: Wildlands,Tom Clancy's Rainbow Six: Siege,Call of Duty: Infinite Warfare,Kingdom Hearts HD 1.5 + 2.5 Remix,,,,,,,,,,,,,,,,,,,,,,,,,,,,,,,,,,,,,,,,,,,,,,,,,,,,,,,,,,,,,,,,,,,,,,,,,Just Dance (Wii),Just Dance (Wii),Monster Hunter 3 Tri* (Wii),Aliens vs. Predator (2010)* (360),The Legend of Zelda: Spirit Tracks (NDS),Wii Play w/ Remote (Wii),Demon's Souls* (PS3),Batman: Arkham Asylum* (360),Mario Kart DS (NDS),,Ghostbusters: The Video Game (360),New Super Mario Bros (NDS),Guitar Hero: Metallica (360),Guitar Hero: Metallica (360),Animal Crossing: City Folk* (Wii),Guitar Hero World Tour* (360),Madden NFL 09* (PS3),,Grand Theft Auto IV* (Xbox 360),Call of Duty 4: Modern Warfare* (Xbox 360),Crisis Core: Final Fantasy VII (PSP),Guitar Hero III: Legends of Rock* (360),,Call of Duty 4: Modern Warfare (PS3),Medal of Honor: Airborne (Xbox 360),Madden NFL 08 (Xbox),Naruto: Ulimate Ninja 2 (Playstation 2)
12,Lego DC Super Villains,WWE 2K19,Crash Bandicoot: N. Sane Trilogy,LEGO Incredibles,Call of Duty: WWII,Tom Clancy's Ghost Recon: Wildlands,The Legend of Zelda: Breath of the Wild*,The Legend of Zelda: Breath of the Wild*,Destiny 2^,Grand Theft Auto V,Metroid: Samus Returns**,Tom Clancy's Ghost Recon: Wildlands,Call of Duty: Modern Warfare Remastered,Call of Duty: Black Ops III,Horizon Zero Dawn,Horizon Zero Dawn,Battlefield 1,,,,,,,,,,,,,,,,,,,,,,,,,,,,,,,,,,,,,,,,,,,,,,,,,,,,,,,,,,,,,,,,,,,,,,,,,Red Dead Redemption (360),New Super Mario Bros. (NDS),Grand Theft Auto: Episodes from Liberty City (PS3),Bioshock 2* (PS3),New Super Mario Bros. (NDS),Mario And Sonic At The Olympic Games (Wii),Brutal Legend (360),Kingdom Hearts 358/2 Days (NDS),New Super Mario Bros. (NDS),,EA Sports UFC (PS3),Mario Kart DS (NDS),Mario and Sonic: Olympic Games (NDS),Call of Duty: World at War* (360),Fallout 3* (360),Guitar Hero World Tour* (Wii),Lego Batman (PS2),,Rock Band* (Wii),Iron Man (PSP),Tom Clancy's Rainbow Six: Vegas 2* (Xbox 360),Call of Duty 4: Modern Warfare (PS3),,Guitar Hero III: Legends of Rock* (Wii),Stranglehold (Xbox 360),Madden NFL 08 (Wii),Transformers: The Game (Playstation 2)
13,My Hero One's Justice,Grand Theft Auto V,Far Cry 5,God of War,Super Mario Odyssey*,The Legend of Zelda: Breath of the Wild*,Playerunknown's Battlegrounds^,Playerunknown's Battlegrounds^,Lego Marvel Super Heroes 2,The Evil Within 2**,Pokken Tournament DX**,Minecraft,Call of Duty: Black Ops III,MLB 17: The Show,Call of Duty: Infinite Warfare,Lego City Undercover,1-2 Switch***,,,,,,,,,,,,,,,,,,,,,,,,,,,,,,,,,,,,,,,,,,,,,,,,,,,,,,,,,,,,,,,,,,,,,,,,,Pokemon Soulsilver Version (NDS),Toy Story 3: The Video Game (NDS),New Super Mario Bros. (NDS),New Super Mario Bros. (NDS),Mario And Sonic at the Winter Games (NDS),Value Game Bundle 19.99 (Wii),FIFA 10 (PS3),Scribblenauts (NDS),Wii Play (Wii),,Prototype (PS3),X-Men Origins: Wolverine Uncaged (PS3),Rhythm Heaven (NDS),Street Fighter IV* (360),Rock Band* (Wii),Kirby Superstar Ultra (NDS),Super Mario Sluggers (Wii),,Super Smash Bros: Brawl (Wii),We Ski (Wii),Naruto: Ultimate Ninja 3 (PS2),Super Mario Galaxy (Wii),,Rock Band* (Xbox 360),Mario Party 8 (Wii),Brain Age 2: More Training in Minutes a Day (Nintendo DS),Tenchu Z (Xbox 360)
14,Shadow Of The Tomb Raider,Mario Kart 8*,Monster Hunter: Generations Ultimate,Captain Toad: Treasure Tracker*,The Legend of Zelda: Breath of the Wild*,Monster Hunter: World,Tom Clancy's Rainbow Six: Siege,Bayonetta 2*,Splatoon 2**,Wolfenstein 2: The New Colossus**,Overwatch^,For Honor,Minecraft,Tom Clancy's Rainbow Six: Siege,Call of Duty: Black Ops III,Kingdom Hearts HD 1.5 + 2.5 Remix,Resident Evil 7: Biohazard,,,,,,,,,,,,,,,,,,,,,,,,,,,,,,,,,,,,,,,,,,,,,,,,,,,,,,,,,,,,,,,,,,,,,,,,,Madden NFL 11 (PS2),Red Dead Redemption (PS3),Super Street Fighter IV (360),Mario Kart Wii,Mario And Sonic at the Winter Games (Wii),Mario & Luigi: Bowser's Inside Story (NDS),Mario & Luigi: Bowser's Inside Story (NDS),NHL 10 (360),Pokemon Platinum Version (NDS),,Pokemon Platinum Version (NDS),Call of Duty 4: Modern Warfare* (360),MLB '09: The Show (PS3),Mario Kart DS (NDS),Pokemon Ranger: Shadows of Almia (NDS),Fallout 3* (PS3),Star Wars: The Force Unleashed (PS2),,Guitar Hero: Aerosmith* (Wii),Mario Kart 7(NDS),Game Party (Wii),New Super Mario Bros. (NDS),,New Super Mario Bros. (DS),Guitar Hero 2 w/ guitar (Playstation 2),Two Worlds (Xbox 360),New Super Mario Bros. (Nintendo DS)
15,Mario Kart 8*,Naruto To Boruto: Shinobi Striker,Call of Duty: WWII,NBA 2K18,FIFA 18^,Tom Clancy's Rainbow Six: Siege,A Way Out^,Madden NFL 18,Need for Speed: Payback^,The Legend of Zelda: Breath of the Wild**,Ark: Survival Evolved**,Call of Duty: Black Ops III,Call of Duty: Infinite Warfare,Call of Duty: Infinite Warfare,Mass Effect: Andromeda,Lego Worlds,Overwatch,,,,,,,,,,,,,,,,,,,,,,,,,,,,,,,,,,,,,,,,,,,,,,,,,,,,,,,,,,,,,,,,,,,,,,,,,NCAA Football 11 (PS3),Wipeout: The Game (Wii),Battlefield: Bad Company 2 (PS3),MAG (PS3),Madden NFL 10 (360),Dragon Age: Origins* (PS3),WWE Smackdown vs.Raw 2010 (360),Need for Speed (360),NCAA Football 10 (360),,Punch-Out!! (Wii),Gardening Mama (NDS),Professor Layton and the Curious Village (NDS),Street Fighter IV* (PS3),Guitar Hero World Tour* (360),Dead Space (PS3),Kirby Superstar Ultra (NDS),,Mario and Sonic: Olympic Games (NDS),New Super Mario Bros. (NDS),Guitar Hero III: Legends of Rock* (PS2),Mario and Sonic at the Olympic Games (Wii),,Mario Party 8 (Wii),Carnival Games (Wii),Pokemon Diamond Version (Nintendo DS),Tomb Raider: Anniversary (Playstation 2)
16,Grand Theft Auto V,Tom Clancy's Rainbow Six: Siege,Mario Tennis Aces*,Call of Duty: WWII,Overwatch^,A Way Out^,Assassin's Creed: Origins,Assassin's Creed: Origins,Xenoblade Chronicles 2**,Mario Kart 8**,Uncharted: The Lost Legacy,Agents Of Mayhem,MLB 17: The Show,Battlefield 1,Farpoint,Tom Clancy's Rainbow Six: Siege,Tom Clancy's Rainbow Six: Siege,,,,,,,,,,,,,,,,,,,,,,,,,,,,,,,,,,,,,,,,,,,,,,,,,,,,,,,,,,,,,,,,,,,,,,,,,Wipeout: The Game (Wii),Wii Fit Plus* (Wii),Call of Duty: Modern Warfare 2* (360),Wii Fit Plus* (Wii),Scribblenauts (NDS),Value Game Bundle 14.99 (NDS),Tekken 6* (PS3),Need for Speed (PS3),Professor Layton and the Diabolical Box (NDS),,Wii Play (Wii),Sacred 2: Fallen Angel (360),Resident Evil 5 (PS3),New Super Mario Bros. (NDS),Mario Kart 7(NDS),Rock Band 2* (PS3),Mercenaries 2: World in Flames (PS3),,Guitar Hero: Aerosmith* (Xbox 360),God of War II (PS2),New Super Mario Bros. (NDS),Carnival Games (Wii),,Assassin's Creed* (PS3),My Sims (NDS),High School Musical: Makin' the Cut (Nintendo DS),Super Paper Mario (Nintendo Wii)
17,Super Mario Odyssey*,Crash Bandicoot: N. Sane Trilogy^,Overwatch^,Detroit: Become Human,Street Fighter 30th Anniversary Collection,Yakuza 6: The Song Of Life*,Dragon Ball: Fighterz,FIFA 18^,Just Dance 2018,Fire Emblem: Warriors**,NBA Live 18,Forza Horizon 3,ARMS***,Minecraft,Battlefield 1,Battlefield 1,Super Bomberman R***,,,,,,,,,,,,,,,,,,,,,,,,,,,,,,,,,,,,,,,,,,,,,,,,,,,,,,,,,,,,,,,,,,,,,,,,,Mario Kart Wii,Call of Duty: Modern Warfare 2* (PS3),MLB 10: The Show (PS3),Mario and Sonic at the Winter Olympic Games (Wii),Mario Kart DS (NDS),God of War Saga (PS3),Borderlands (PS3),Marvel: Ultimate Alliance 2* (PS3),Madden NFL 10 (Wii),,Tiger Woods PGA Tour 10 (360),Call of Duty: World at War* (360),Call of Duty: World at War (360),Professor Layton and the Curious Village (NDS),Guitar Hero World Tour* (PS2),NBA 2K9 (PS3),NHL 09 (360),,Guitar Hero: Aerosmith* (PS2),Game Party (Wii),Mario Kart DS (NDS),Mario Party DS (NDS),,Mass Effect* (Xbox 360),Pokemon Diamond Version (NDS),Guitar Hero 2 w/ guitar (Xbox 360),Transformers: The Game (Xbox 360)
18,Diablo III***,Super Mario Odyssey*,LEGO The Incredibles,MLB 18: The Show,Playerunknown's Battlegrounds,Sea Of Thieves,FIFA 18^,Sword Art Online: Fatal Bullet,The Sims 4^,Tom Clancy's Ghost Recon: Wildlands,Splatoon 2**,Battlefield 1,Battlefield 1,The Elder Scrolls Online: Morrowind***,Nier: Automata,For Honor,FIFA 17,,,,,,,,,,,,,,,,,,,,,,,,,,,,,,,,,,,,,,,,,,,,,,,,,,,,,,,,,,,,,,,,,,,,,,,,,Dragon Quest IX: Sentinels of the Starry Skies (NDS),Mario Kart Wii,Mario Kart w/ Wheel (Wii),God of War Saga (PS3),Assassin's Creed II (PS3),Halo 3: ODST* (360),Madden NFL 10 (360),Professor Layton and the Diabolical Box (NDS),Wolfenstein (360),,Mario Kart DS (NDS),Rhythm Heaven (NDS),Grand Theft Auto: Chinatown Wars (NDS),MLB '09: The Show (PS2),WWE Smackdown vs. RAW 2009 (PS2),Far Cry 2 (360),Lego Batman (Wii),,New Super Mario Bros (NDS),Guitar Hero III: Legends of Rock* (PS2),Rock Band* (Xbox 360),Rock Band* (PS2),,The Legend of Zelda: Phantom Hourglass (DS),My Sims (Wii),Madden NFL 08 (PSP),MLB '07: The Show (Playstation 2)
19,The Legend of Zelda: Breath of the Wild*,The Legend of Zelda: Breath of the Wild*,We Happy Few*,Minecraft^,Assassin's Creed: Origins,Kirby Star Allies*,Splatoon 2*,The Sims 4^,Pokemon: Ultra Sun**,NHL 18,Crash Bandicoot: N. Sane Trilogy,NBA 2K17,Mass Effect: Andromeda,FIFA 17,Minecraft,Nier: Automata,Lego Worlds,,,,,,,,,,,,,,,,,,,,,,,,,,,,,,,,,,,,,,,,,,,,,,,,,,,,,,,,,,,,,,,,,,,,,,,,,Call of Duty: Modern Warfare 2* (PS3),Pokemon Soulsilver Version (NDS),Call of Duty: Modern Warfare 2* (PS3),Mario Kart DS (NDS),Madden NFL 10 (PS3),Borderlands (360),Pokemon Mystery Dungeon: Explorers of the Sky (NDS),Wii Fit (Wii),EA Sports Active Bundle (Wii),,The Legendary Starfy (NDS),Halo 3* (360),Guitar Hero Metallica (PS2),Halo 3* (360),Fable II* (360),FIFA 09 (360),Lego Batman (360),,Grand Theft Auto IV* (PS3),Haze (PS3),Mario Party DS (NDS),Game Party (Wii),,Madden NFL 08 (Xbox 360),NBA 2K8 (Xbox 360),Pokemon Pearl Version (Nintendo DS),Big Brain Academy: Wii Degree (Nintendo Wii)
20,NHL 19,Minecraft***,The Crew 2,Destiny 2^,Monster Hunter: World,FIFA 18^,UFC 3,Star Wars: Battlefront II^,Pokemon: Ultra Moon**,Tom Clancy's Rainbow Six: Siege,Minecraft,EA Sports UFC 2,Tekken 7,Forza Horizon 3,FIFA 17,,Madden NFL 17,,,,,,,,,,,,,,,,,,,,,,,,,,,,,,,,,,,,,,,,,,,,,,,,,,,,,,,,,,,,,,,,,,,,,,,,,Mario Kart DS (NDS),Mario Kart DS (NDS),Major League Baseball 2K10 (360),NBA 2K10* (360),Just Dance (Wii),Madden NFL 10 (360),,The Beatles: Rock Band* (PS3),Tiger Woods PGA Tour 10* (Wii),,New Super Mario Bros. (NDS),Gold's Gym Cardio Workout (Wii),Major League Baseball 2K9,Lego Star Wars: Complete Saga (Wii),Madden NFL 09* (360),Guitar Hero World Tour* (PS3),Brothers in Arms: Hell's Highway (360),,Lego Indiana Jones: The Original Adventures (Xbox 360),Super Mario Galaxy (Wii),Super Mario Galaxy (Wii),Frontlines: Fuel of War (360),,Mario Party DS (DS),High School Musical: Makin' the Cut (NDS),Tiger Woods PGA Tour 08 (Xbox 360),Dirt (Xbox 360)
